{
  "total_return": 0.4338642388926732,
  "cagr": 0.0681197760101051,
  "ann_vol": 0.13366548932469038,
  "sharpe": 0.6948266662874734,
  "sortino": 0.5100307191094091,
  "max_drawdown": -0.25562677757353414,
  "calmar": 0.2664813782684,
  "exposure": 0.312625250501002,
  "hit_rate": 0.5336538461538461,
  "n_rebalances": 193,
  "total_turnover": 65.78591599999999,
  "total_cost": 0.09867895999999998,
  "n_days": 1996
}
