{
  "total_return": 0.6934043832049466,
  "cagr": 0.10106140893789428,
  "ann_vol": 0.1683568255204916,
  "sharpe": 0.7057666567192393,
  "sortino": 0.6721519121155097,
  "max_drawdown": -0.19768430271376092,
  "calmar": 0.5112262711330561,
  "exposure": 0.49073610415623437,
  "hit_rate": 0.5061224489795918,
  "n_rebalances": 75,
  "total_turnover": 30.643172,
  "total_cost": 0.04596477,
  "n_days": 1997
}
